1;Stargate SG-1;Dzieci bogów (1);1997;1;Sci-Fi
2;Stargate SG-1;Dzieci bogów (2);1997;1;Sci-Fi
3;Stargate SG-1;Wewnêtrzny wróg;1997;1;Sci-Fi
4;Stargate SG-1;Emancypacja;1997;1;Sci-Fi
5;Stargate SG-1;Granica;1997;1;Sci-Fi
6;Stargate SG-1;Pierwsze przykazanie;1997;1;Sci-Fi
7;Stargate SG-1;Zimny £azarz (Kryszta³y);1997;1;Sci-Fi
8;Stargate SG-1;Noxowie;1997;1;Sci-Fi
9;Stargate SG-1;Krótka œwieca;1997;1;Sci-Fi
10;Stargate SG-1;M³ot Thora;1997;1;Sci-Fi
11;Stargate SG-1;Mêki Tantala;1997;1;Sci-Fi
12;Stargate SG-1;Wiêzy krwi;1997;1;Sci-Fi
13;Stargate SG-1;Ogieñ i woda;1997;1;Sci-Fi
14;Stargate SG-1;Hathor;1997;1;Sci-Fi
15;Stargate SG-1;Osobliwoœæ;1997;1;Sci-Fi
16;Stargate SG-1;Kor Ai;1998;1;Sci-Fi
17;Stargate SG-1;Tajemnica;1998;1;Sci-Fi
18;Stargate SG-1;Samotnoœæ;1998;1;Sci-Fi
19;Stargate SG-1;O³owiani ludzie;1998;1;Sci-Fi
20;Stargate SG-1;Po drugiej stronie lustra;1998;1;Sci-Fi
21;Stargate SG-1;Polityka (1);1998;1;Sci-Fi
22;Stargate SG-1;W uœcisku wê¿a (2);1998;1;Sci-Fi
1;Stargate SG-1;Legowisko wê¿a (3);1998;1;Sci-Fi
2;Stargate SG-1;W poczuciu obowi¹zku;1998;2;Sci-Fi
3;Stargate SG-1;Uwiêzieni;1998;2;Sci-Fi
4;Stargate SG-1;Dozorca;1998;2;Sci-Fi
5;Stargate SG-1;Pragnienie (Potrzeba);1998;2;Sci-Fi
6;Stargate SG-1;Rydwan Thora;1998;2;Sci-Fi
7;Stargate SG-1;Wiadomoœæ w butelce (Kapsu³a czasu);1998;2;Sci-Fi
8;Stargate SG-1;Rodzina;1998;2;Sci-Fi
9;Stargate SG-1;Sekrety;1998;2;Sci-Fi
10;Stargate SG-1;Jad;1998;2;Sci-Fi
11;Stargate SG-1;Tok'Ra (1);1998;2;Sci-Fi
12;Stargate SG-1;Tok'Ra (2);1998;2;Sci-Fi
13;Stargate SG-1;Duchy;1998;2;Sci-Fi
14;Stargate SG-1;Klucz pogody;1998;2;Sci-Fi
15;Stargate SG-1;Pi¹ta rasa;1999;2;Sci-Fi
16;Stargate SG-1;Kwestia czasu;1999;2;Sci-Fi
17;Stargate SG-1;Wakacje;1999;2;Sci-Fi
18;Stargate SG-1;Pieœñ wê¿a;1999;2;Sci-Fi
19;Stargate SG-1;Jeden fa³szywy krok;1999;2;Sci-Fi
20;Stargate SG-1;Poka¿ i powiedz (Niewidoczny wróg);1999;2;Sci-Fi
21;Stargate SG-1;Rok 1969;1999;2;Sci-Fi
22;Stargate SG-1;Podstêp (1);1999;2;Sci-Fi
1;Stargate SG-1;Chrzest ognia (2);1999;3;Sci-Fi
2;Stargate SG-1;Set;1999;3;Sci-Fi
3;Stargate SG-1;Negocjacje;1999;3;Sci-Fi
4;Stargate SG-1;Spuœcizna;1999;3;Sci-Fi
5;Stargate SG-1;Nauka;1999;3;Sci-Fi
6;Stargate SG-1;Punkt widzenia (Druga strona lustra);1999;3;Sci-Fi
7;Stargate SG-1;Wymiana (Na Umrzyka Skrzyni);1999;3;Sci-Fi
8;Stargate SG-1;Demony;1999;3;Sci-Fi
9;Stargate SG-1;Regulamin walki;1999;3;Sci-Fi
10;Stargate SG-1;Wiecznoœæ w jeden dzieñ (Wiecznoœæ w mgnieniu oka);1999;3;Sci-Fi
11;Stargate SG-1;Przesz³oœæ i teraŸniejszoœæ;1999;3;Sci-Fi
12;Stargate SG-1;Wspomnienia Jolinar (1);1999;3;Sci-Fi
13;Stargate SG-1;Mniejsze z³o (Diabe³ którego znasz) (2);1999;3;Sci-Fi
14;Stargate SG-1;Przyczó³ek;1999;3;Sci-Fi
15;Stargate SG-1;Pretekst;2000;3;Sci-Fi
16;Stargate SG-1;Urgo;2000;3;Sci-Fi
17;Stargate SG-1;Sto dni;2000;3;Sci-Fi
18;Stargate SG-1;Odcienie szaroœci;2000;3;Sci-Fi
19;Stargate SG-1;Niewygodna prawda;2000;3;Sci-Fi
20;Stargate SG-1;Insynkt macierzyñski;2000;3;Sci-Fi
21;Stargate SG-1;Kryszta³owa czaszka;2000;3;Sci-Fi
22;Stargate SG-1;Wróg (1);2000;3;Sci-Fi
1;Stargate SG-1;Cia³o i krew;2008;10;Sci-Fi
2;Stargate SG-1;Morfeusz;2008;10;Sci-Fi
3;Stargate SG-1;Projekt Pegaz;2008;10;Sci-Fi
4;Stargate SG-1;Wtajemniczenie;2008;10;Sci-Fi
5;Stargate SG-1;Nieproszeni goœcie;2008;10;Sci-Fi
6;Stargate SG-1;Kontratak;2008;10;Sci-Fi
7;Stargate SG-1;Memento mori;2008;10;Sci-Fi
8;Stargate SG-1;W towarzystwie z³odziei;2008;10;Sci-Fi
9;Stargate SG-1;Poszukiwania (1);2008;10;Sci-Fi
10;Stargate SG-1;Poszukiwania (2);2008;10;Sci-Fi
11;Stargate SG-1;Znak na piasku;2008;10;Sci-Fi
12;Stargate SG-1;Inna droga;2008;10;Sci-Fi
13;Stargate SG-1;Ca³un;2008;10;Sci-Fi
14;Stargate SG-1;Nagroda;2008;10;Sci-Fi
15;Stargate SG-1;Wrogowie;2008;10;Sci-Fi
16;Stargate SG-1;Talion;2008;10;Sci-Fi
17;Stargate SG-1;Wiêzy rodzinne;2008;10;Sci-Fi
18;Stargate SG-1;W³adza;2008;10;Sci-Fi
19;Stargate SG-1;Niekoñcz¹ca siê opowieœæ;2008;10;Sci-Fi
1;Wojny Klonów;Zasadzka;2014;1;Sci-Fi
2;Wojny Klonów;Wzlot Malevolence;2014;1;Sci-Fi
3;Wojny Klonów;Cieñ Malevolence;2014;1;Sci-Fi
4;Wojny Klonów;Misja na Malevolence;2014;1;Sci-Fi
5;Wojny Klonów;Rekruci;2014;1;Sci-Fi
6;Wojny Klonów;Upadek droida;2014;1;Sci-Fi
7;Wojny Klonów;Pojedynek robotów;2014;1;Sci-Fi
8;Wojny Klonów;Bombad Jedi;2014;1;Sci-Fi
9;Wojny Klonów;P³aszcz ciemnoœci;2014;1;Sci-Fi
10;Wojny Klonów;Pu³apka Grievousa;2014;1;Sci-Fi
11;Wojny Klonów;Dooku schwytany;2014;1;Sci-Fi
12;Wojny Klonów;Gungañski genera³;2014;1;Sci-Fi
13;Wojny Klonów;Upadek Jedi;2014;1;Sci-Fi
14;Wojny Klonów;Stra¿nicy pokoju;2014;1;Sci-Fi
15;Wojny Klonów;Naruszenie;2014;1;Sci-Fi
16;Wojny Klonów;Ukryty wróg;2014;1;Sci-Fi
17;Wojny Klonów;Wirus B³êkitnego Cienia;2014;1;Sci-Fi
18;Wojny Klonów;Tajemnica tysi¹ca ksiê¿yców;2014;1;Sci-Fi
19;Wojny Klonów;Burza nad Ryloth;2014;1;Sci-Fi
20;Wojny Klonów;Niewinni z Ryloth;2014;1;Sci-Fi
21;Wojny Klonów;Wolne Ryloth;2014;1;Sci-Fi
22;Wojny Klonów;Kryzys zak³adników;2014;1;Sci-Fi
1;Stawka wiêksza ni¿ ¿ycie;Wiem kim jesteœ;1905;1;Spy
2;Stawka wiêksza ni¿ ¿ycie;Hotel Exclesior;1905;1;Spy
3;Stawka wiêksza ni¿ ¿ycie;Œciœle Tajne;1905;1;Spy
4;Stawka wiêksza ni¿ ¿ycie;Cafe Rose;1905;1;Spy
5;Stawka wiêksza ni¿ ¿ycie;Ostatnia szansa;1905;1;Spy
6;Stawka wiêksza ni¿ ¿ycie;¯elazny krzy¿;1905;1;Spy
7;Stawka wiêksza ni¿ ¿ycie;Podwojny nelson;1905;1;Spy
8;Stawka wiêksza ni¿ ¿ycie;Wielka wsypa;1905;1;Spy
9;Stawka wiêksza ni¿ ¿ycie;W Imieniu Rzeczypospolitej;1905;1;Spy
10;Stawka wiêksza ni¿ ¿ycie;Has³o;1905;1;Spy
11;Stawka wiêksza ni¿ ¿ycie;Zdrada;1905;1;Spy
12;Stawka wiêksza ni¿ ¿ycie;Bez instrukcji;1905;1;Spy
13;Stawka wiêksza ni¿ ¿ycie;Edyta;1905;1;Spy
14;Stawka wiêksza ni¿ ¿ycie;Oblê¿enie;1905;1;Spy
15;Stawka wiêksza ni¿ ¿ycie;Akcja Liœæ Dêbu;1905;1;Spy
16;Stawka wiêksza ni¿ ¿ycie;Spotkanie;1905;1;Spy
17;Stawka wiêksza ni¿ ¿ycie;Poszukiwany Grupenfeurer Wolf;1905;1;Spy
;;;;;
;;;;;
;;;;;
;;;;;
;;;;;
;;;;;
;;;;;
;;;;;
;;;;;
;;;;;
;;;;;
;;;;;
;;;;;
